	not RE	Promoter	CTCF	Enhancer	Promoter/CTCF	Enhancer/CTCF	Enhancer/Promoter
chr1:2217853-2272051	25.0	1.0	0.0	0.0	0.0	0.0	0.0
chr1:2314131-2314131	1.0	0.0	0.0	0.0	0.0	0.0	0.0
chr1:2614076-3555026	47.0	0.0	0.0	0.0	0.0	0.0	0.0
chr1:4533003-4533003	1.0	0.0	0.0	0.0	0.0	0.0	0.0
chr1:8460427-8712786	60.0	0.0	2.0	1.0	0.0	0.0	0.0
chr1:10740541-10742411	4.0	0.0	0.0	0.0	0.0	0.0	0.0
chr1:10813325-10813325	1.0	0.0	0.0	0.0	0.0	0.0	0.0
chr1:24695823-24856057	88.0	0.0	0.0	0.0	1.0	0.0	0.0
chr1:26535654-26572465	34.0	0.0	0.0	0.0	0.0	0.0	0.0
chr1:26661155-27009038	3.0	0.0	1.0	0.0	0.0	0.0	0.0
chr1:37931669-37997832	21.0	2.0	1.0	0.0	2.0	0.0	0.0
chr1:39984346-39984346	1.0	0.0	0.0	0.0	0.0	0.0	0.0
chr1:42417732-42572013	105.0	2.0	0.0	0.0	0.0	0.0	0.0
chr1:43945917-44009130	20.0	0.0	0.0	0.0	0.0	0.0	0.0
chr1:55021673-55026242	4.0	0.0	0.0	0.0	0.0	0.0	0.0
chr1:55039974-55039974	1.0	0.0	0.0	0.0	0.0	0.0	0.0
chr1:55054539-55056468	7.0	0.0	0.0	0.0	0.0	0.0	0.0
chr1:55056885-55056885	1.0	0.0	0.0	0.0	0.0	0.0	0.0
chr1:56058879-56172718	59.0	0.0	0.0	0.0	0.0	0.0	0.0
chr1:56411837-56411837	0.0	0.0	0.0	1.0	0.0	0.0	0.0
chr1:56497149-56550459	41.0	0.0	0.0	0.0	0.0	0.0	0.0
chr1:56551277-56551277	2.0	0.0	0.0	0.0	0.0	0.0	0.0
chr1:58950839-59004767	35.0	0.0	0.0	0.0	0.0	0.0	0.0
chr1:59148233-59185391	29.0	0.0	0.0	0.0	0.0	0.0	0.0
chr1:62627861-63445441	7.0	0.0	0.0	0.0	0.0	0.0	0.0
chr1:87192422-87198115	5.0	0.0	0.0	0.0	0.0	0.0	0.0
chr1:88898323-88975294	51.0	0.0	0.0	0.0	0.0	0.0	0.0
chr1:97832815-97916558	56.0	0.0	0.0	0.0	0.0	0.0	0.0
chr1:109274570-109279544	11.0	0.0	0.0	0.0	0.0	0.0	0.0
chr1:109948590-109951769	9.0	0.0	0.0	0.0	0.0	0.0	0.0
chr1:113630788-113630788	2.0	0.0	0.0	0.0	0.0	0.0	0.0
chr1:115170344-115230988	30.0	0.0	0.0	0.0	0.0	0.0	0.0
chr1:115356162-115366987	7.0	0.0	0.0	0.0	0.0	0.0	0.0
chr1:145710461-145715572	9.0	0.0	0.0	0.0	0.0	0.0	0.0
chr1:149934520-150023307	4.0	0.0	0.0	0.0	0.0	0.0	0.0
chr1:150561892-150636418	38.0	3.0	0.0	1.0	0.0	1.0	0.0
chr1:151567576-151609136	10.0	0.0	0.0	0.0	0.0	0.0	0.0
chr1:151713764-151713764	1.0	0.0	0.0	0.0	0.0	0.0	0.0
chr1:151764873-151797662	29.0	2.0	0.0	0.0	0.0	0.0	0.0
chr1:154423470-154456029	30.0	0.0	0.0	0.0	0.0	0.0	0.0
chr1:156058743-156073124	3.0	0.0	0.0	0.0	0.0	0.0	0.0
chr1:158974396-158974396	1.0	0.0	0.0	0.0	0.0	0.0	0.0
chr1:169207352-169448287	41.0	0.0	0.0	0.0	0.0	0.0	0.0
chr1:171258440-171330305	24.0	0.0	0.0	0.0	0.0	0.0	0.0
chr1:175158398-175170159	22.0	0.0	0.0	1.0	0.0	0.0	0.0
chr1:175938408-176427273	197.0	0.0	0.0	0.0	0.0	0.0	0.0
chr1:178544276-178603843	50.0	0.0	0.0	0.0	0.0	0.0	0.0
chr1:182997201-183135676	53.0	0.0	0.0	2.0	0.0	0.0	0.0
chr1:184487149-184487149	1.0	0.0	0.0	0.0	0.0	0.0	0.0
chr1:192598544-192627491	22.0	0.0	0.0	0.0	0.0	0.0	0.0
chr1:197539135-197838764	248.0	0.0	0.0	0.0	0.0	0.0	0.0
chr1:200631692-200696479	31.0	0.0	0.0	0.0	0.0	0.0	0.0
chr1:201773254-201783301	11.0	0.0	0.0	0.0	0.0	0.0	0.0
chr1:201843548-201883546	6.0	0.0	0.0	0.0	0.0	0.0	0.0
chr1:205054636-205292299	42.0	1.0	2.0	0.0	0.0	0.0	0.0
chr1:206084461-206084463	2.0	0.0	0.0	0.0	0.0	0.0	0.0
chr1:210289633-210307016	21.0	0.0	0.0	0.0	0.0	0.0	0.0
chr1:219340552-219340552	1.0	0.0	0.0	0.0	0.0	0.0	0.0
chr1:222620290-222689650	33.0	0.0	0.0	0.0	0.0	0.0	0.0
chr1:226425425-226508745	13.0	0.0	0.0	0.0	0.0	0.0	0.0
chr1:230157783-230170220	23.0	0.0	1.0	1.0	0.0	0.0	0.0
chr1:236525341-236608722	232.0	2.0	0.0	0.0	0.0	1.0	0.0
chr1:240866936-240866936	1.0	0.0	0.0	0.0	0.0	0.0	0.0
chr1:241865502-241865502	2.0	0.0	0.0	0.0	0.0	0.0	0.0
chr1:246540295-246540295	1.0	0.0	0.0	0.0	0.0	0.0	0.0
chr10:3675544-3745376	72.0	0.0	0.0	0.0	0.0	0.0	0.0
chr10:10799741-10823740	14.0	0.0	0.0	0.0	0.0	0.0	0.0
chr10:11043703-11043703	1.0	0.0	0.0	0.0	0.0	0.0	0.0
chr10:12199816-12266890	46.0	0.0	2.0	0.0	0.0	0.0	0.0
chr10:18357445-18381276	49.0	0.0	0.0	0.0	0.0	0.0	0.0
chr10:18439030-18439030	1.0	0.0	0.0	0.0	0.0	0.0	0.0
chr10:21491851-21517903	7.0	0.0	0.0	0.0	0.0	0.0	0.0
chr10:22498783-22498783	1.0	0.0	0.0	0.0	0.0	0.0	0.0
chr10:24485322-25058583	18.0	0.0	0.0	0.0	0.0	0.0	0.0
chr10:28656294-28676716	9.0	0.0	0.0	0.0	1.0	0.0	0.0
chr10:30023291-30023291	1.0	0.0	0.0	0.0	0.0	0.0	0.0
chr10:30028144-30028144	0.0	0.0	0.0	1.0	0.0	0.0	0.0
chr10:30163550-30226502	35.0	0.0	0.0	0.0	0.0	0.0	0.0
chr10:30820907-30820907	0.0	0.0	0.0	1.0	0.0	0.0	0.0
chr10:31326590-31505250	4.0	0.0	0.0	0.0	0.0	0.0	0.0
chr10:33227445-33227445	1.0	0.0	0.0	0.0	0.0	0.0	0.0
chr10:43983527-44002136	11.0	0.0	0.0	0.0	0.0	0.0	0.0
chr10:44244562-44244562	2.0	0.0	0.0	0.0	0.0	0.0	0.0
chr10:44173276-44279356	159.0	0.0	0.0	0.0	0.0	0.0	0.0
chr10:48736875-48736875	2.0	0.0	0.0	0.0	0.0	0.0	0.0
chr10:50729793-50927370	2.0	0.0	0.0	0.0	0.0	0.0	0.0
chr10:61198223-61198223	1.0	0.0	0.0	0.0	0.0	0.0	0.0
chr10:62689789-62689789	1.0	0.0	0.0	0.0	0.0	0.0	0.0
chr10:72158300-72242460	3.0	0.0	0.0	0.0	0.0	0.0	0.0
chr10:72768827-72944105	46.0	0.0	0.0	0.0	0.0	0.0	0.0
chr10:74107435-74611310	182.0	3.0	0.0	0.0	0.0	0.0	0.0
chr10:74736993-74736993	1.0	0.0	0.0	0.0	0.0	0.0	0.0
chr10:75115129-75166318	22.0	0.0	0.0	0.0	0.0	0.0	0.0
chr10:78900695-78900695	1.0	0.0	0.0	0.0	0.0	0.0	0.0
chr10:80195783-80195783	1.0	0.0	0.0	0.0	0.0	0.0	0.0
chr10:80482174-80503070	5.0	0.0	0.0	0.0	0.0	0.0	0.0
chr10:84232722-84240271	16.0	0.0	0.0	0.0	0.0	0.0	0.0
chr10:86743709-86754690	23.0	0.0	0.0	0.0	0.0	0.0	0.0
chr10:89243047-89252465	12.0	2.0	0.0	0.0	0.0	0.0	0.0
chr10:89389213-89389213	1.0	0.0	0.0	0.0	0.0	0.0	0.0
chr10:90685120-90918302	36.0	1.0	0.0	0.0	0.0	0.0	0.0
chr10:92379257-92399944	49.0	0.0	0.0	0.0	0.0	0.0	0.0
chr10:93004322-93065351	25.0	0.0	0.0	0.0	0.0	0.0	0.0
chr10:93962142-93999642	27.0	0.0	0.0	0.0	0.0	0.0	0.0
chr10:94238422-94280637	15.0	0.0	1.0	0.0	0.0	0.0	0.0
chr10:97024623-97026019	2.0	0.0	1.0	0.0	0.0	0.0	0.0
chr10:98103792-98267034	39.0	0.0	0.0	0.0	0.0	0.0	0.0
chr10:99607242-99607242	1.0	0.0	0.0	0.0	0.0	0.0	0.0
chr10:100315722-100315722	2.0	0.0	0.0	0.0	0.0	0.0	0.0
chr10:101367053-101558546	16.0	0.0	0.0	0.0	0.0	0.0	0.0
chr10:102753040-103315314	150.0	1.0	1.0	0.0	1.0	0.0	0.0
chr10:103850064-103936142	29.0	0.0	1.0	3.0	0.0	0.0	0.0
chr10:106508183-106799918	37.0	0.0	1.0	0.0	0.0	0.0	0.0
chr10:112994312-113025665	11.0	0.0	0.0	0.0	0.0	0.0	0.0
chr10:114368021-114379056	6.0	0.0	0.0	0.0	0.0	0.0	0.0
chr10:121131995-121172490	93.0	0.0	0.0	0.0	0.0	0.0	0.0
chr10:122257755-122290615	41.0	0.0	1.0	0.0	0.0	3.0	0.0
chr10:122310940-122310940	0.0	0.0	0.0	1.0	0.0	0.0	0.0
chr10:122453933-122471234	3.0	0.0	0.0	0.0	0.0	0.0	0.0
chr10:124076832-124108502	15.0	0.0	0.0	1.0	0.0	0.0	0.0
chr10:126138524-126156235	7.0	0.0	0.0	0.0	0.0	0.0	0.0
chr10:128040478-128059120	13.0	0.0	0.0	0.0	0.0	0.0	0.0
chr10:132493190-132520972	24.0	0.0	0.0	2.0	0.0	0.0	0.0
chr11:210283-369413	10.0	0.0	0.0	0.0	0.0	0.0	0.0
chr11:829539-842682	40.0	7.0	0.0	0.0	0.0	0.0	3.0
chr11:5679844-5679844	1.0	0.0	0.0	0.0	0.0	0.0	0.0
chr11:8833112-8915798	2.0	0.0	0.0	0.0	0.0	0.0	0.0
chr11:9290213-9339393	21.0	0.0	0.0	1.0	0.0	0.0	0.0
chr11:9729542-9752021	22.0	0.0	1.0	0.0	0.0	0.0	0.0
chr11:13248001-13293892	76.0	4.0	0.0	0.0	0.0	0.0	0.0
chr11:16460403-16579312	67.0	0.0	0.0	0.0	0.0	0.0	0.0
chr11:16872543-16924554	27.0	0.0	0.0	0.0	0.0	0.0	0.0
chr11:18645519-18646752	3.0	0.0	0.0	0.0	0.0	0.0	0.0
chr11:22368286-22413203	50.0	0.0	0.0	0.0	0.0	0.0	0.0
chr11:27668993-28388382	10.0	0.0	0.0	0.0	0.0	0.0	0.0
chr11:29093511-29188822	74.0	0.0	1.0	0.0	0.0	0.0	0.0
chr11:32351226-32364434	7.0	0.0	0.0	0.0	0.0	0.0	0.0
chr11:32574052-32934946	81.0	0.0	0.0	0.0	0.0	0.0	0.0
chr11:40811672-40811672	1.0	0.0	0.0	0.0	0.0	0.0	0.0
chr11:43578241-43607199	9.0	0.0	0.0	0.0	0.0	0.0	0.0
chr11:44978469-44978469	1.0	0.0	0.0	0.0	0.0	0.0	0.0
chr11:49187035-49187035	2.0	0.0	0.0	0.0	0.0	0.0	0.0
chr11:50260147-50260179	2.0	0.0	0.0	0.0	0.0	0.0	0.0
chr11:65612653-65638129	5.0	0.0	0.0	0.0	1.0	0.0	0.0
chr11:66320187-66384648	21.0	1.0	0.0	0.0	0.0	0.0	0.0
chr11:67867866-67867866	1.0	0.0	0.0	0.0	0.0	0.0	0.0
chr11:69130310-69130310	1.0	0.0	0.0	0.0	0.0	0.0	0.0
chr11:70261544-70333295	10.0	1.0	0.0	0.0	0.0	1.0	0.0
chr11:75399908-75431181	11.0	1.0	0.0	1.0	0.0	0.0	0.0
chr11:75566583-75573289	4.0	0.0	0.0	0.0	0.0	0.0	0.0
chr11:77213829-77484055	85.0	0.0	0.0	1.0	0.0	0.0	0.0
chr11:83440234-83574830	71.0	0.0	0.0	0.0	0.0	0.0	0.0
chr11:84954962-85088090	11.0	0.0	0.0	0.0	0.0	0.0	0.0
chr11:96067565-96067565	2.0	0.0	0.0	0.0	0.0	0.0	0.0
chr11:97739543-97739543	1.0	0.0	0.0	0.0	0.0	0.0	0.0
chr11:100679599-100772406	12.0	0.0	0.0	0.0	0.0	0.0	0.0
chr11:101720363-102273655	7.0	0.0	0.0	0.0	0.0	0.0	0.0
chr11:102924877-102935729	3.0	0.0	0.0	0.0	0.0	0.0	0.0
chr11:103789839-103826123	8.0	0.0	0.0	0.0	0.0	0.0	0.0
chr11:105865307-105882309	11.0	0.0	0.0	0.0	0.0	0.0	0.0
chr11:107183916-107226051	17.0	0.0	0.0	0.0	0.0	0.0	0.0
chr11:108149411-108149411	1.0	0.0	0.0	0.0	0.0	0.0	0.0
chr11:110373504-110373636	2.0	0.0	0.0	0.0	0.0	0.0	0.0
chr11:110472593-110784701	5.0	0.0	0.0	0.0	0.0	0.0	0.0
chr11:111713192-111791385	4.0	0.0	0.0	1.0	0.0	0.0	0.0
chr11:111750675-111750675	1.0	0.0	0.0	0.0	0.0	0.0	0.0
chr11:113786099-113789271	2.0	0.0	0.0	0.0	0.0	0.0	0.0
chr11:116545999-116545999	2.0	0.0	0.0	0.0	0.0	0.0	0.0
chr11:116752497-116778201	3.0	0.0	0.0	0.0	0.0	0.0	0.0
chr11:116896972-117132743	33.0	0.0	0.0	0.0	0.0	0.0	0.0
chr11:119043282-119088159	45.0	10.0	0.0	0.0	0.0	0.0	0.0
chr11:120185708-120196374	9.0	0.0	0.0	0.0	0.0	0.0	0.0
chr11:120493228-120493228	1.0	0.0	0.0	0.0	0.0	0.0	0.0
chr11:122664422-122664422	1.0	0.0	0.0	0.0	0.0	0.0	0.0
chr11:126361219-126394211	6.0	0.0	0.0	0.0	0.0	0.0	0.0
chr11:128545234-128552748	9.0	0.0	0.0	0.0	0.0	0.0	0.0
chr12:4273820-4273820	1.0	0.0	0.0	0.0	0.0	0.0	0.0
chr12:7059466-7074644	24.0	0.0	0.0	0.0	0.0	0.0	0.0
chr12:8910705-8949940	13.0	1.0	0.0	0.0	0.0	0.0	0.0
chr12:11208475-11308536	58.0	0.0	0.0	0.0	0.0	0.0	0.0
chr12:11654250-11655600	3.0	0.0	0.0	0.0	0.0	0.0	0.0
chr12:18760129-18933134	40.0	0.0	0.0	0.0	0.0	0.0	0.0
chr12:19802940-19825418	31.0	0.0	0.0	0.0	0.0	0.0	0.0
chr12:20065267-20075492	8.0	0.0	0.0	0.0	0.0	0.0	0.0
chr12:20425947-20433461	13.0	0.0	0.0	0.0	0.0	0.0	0.0
chr12:21222417-21222417	2.0	0.0	0.0	0.0	0.0	0.0	0.0
chr12:24053676-24053676	1.0	0.0	0.0	0.0	0.0	0.0	0.0
chr12:38237886-38734984	8.0	0.0	0.0	0.0	0.0	0.0	0.0
chr12:48203582-48381228	75.0	0.0	0.0	0.0	0.0	0.0	0.0
chr12:48666484-48733712	30.0	1.0	0.0	0.0	0.0	0.0	0.0
chr12:49161524-49161524	1.0	0.0	0.0	0.0	0.0	0.0	0.0
chr12:51911285-51941030	7.0	0.0	0.0	2.0	0.0	2.0	0.0
chr12:51957634-52015089	3.0	0.0	0.0	0.0	0.0	0.0	0.0
chr12:54082617-54085466	5.0	0.0	0.0	0.0	0.0	0.0	0.0
chr12:54118380-54180141	15.0	0.0	0.0	0.0	0.0	0.0	0.0
chr12:56229563-56360587	121.0	5.0	4.0	0.0	4.0	0.0	0.0
chr12:57132863-57133500	2.0	0.0	0.0	0.0	0.0	0.0	0.0
chr12:57285631-57450266	29.0	0.0	0.0	0.0	0.0	0.0	0.0
chr12:65007375-65012361	2.0	0.0	0.0	0.0	0.0	0.0	0.0
chr12:66256805-67205783	11.0	0.0	0.0	0.0	0.0	0.0	0.0
chr12:69451442-69615912	110.0	1.0	0.0	0.0	0.0	0.0	0.0
chr12:73331699-73331699	1.0	0.0	0.0	0.0	0.0	0.0	0.0
chr12:74440700-74440700	1.0	0.0	0.0	0.0	0.0	0.0	0.0
chr12:76721184-76721184	1.0	0.0	0.0	0.0	0.0	0.0	0.0
chr12:79605529-79605529	1.0	0.0	0.0	0.0	0.0	0.0	0.0
chr12:80266770-81173260	11.0	0.0	0.0	0.0	0.0	0.0	0.0
chr12:81725735-81854465	64.0	0.0	0.0	0.0	0.0	0.0	0.0
chr12:83544374-83738325	265.0	0.0	0.0	0.0	0.0	0.0	0.0
chr12:88696982-88943723	5.0	0.0	0.0	0.0	0.0	0.0	0.0
chr12:89547772-89706118	32.0	0.0	0.0	0.0	0.0	0.0	0.0
chr12:94140725-94787361	5.0	0.0	0.0	1.0	0.0	0.0	0.0
chr12:95048669-95197757	40.0	0.0	0.0	0.0	0.0	0.0	0.0
chr12:99660617-99660617	1.0	0.0	0.0	0.0	0.0	0.0	0.0
chr12:108663261-108794139	50.0	0.0	0.0	0.0	3.0	0.0	0.0
chr12:111388673-111569952	9.0	0.0	0.0	2.0	0.0	0.0	0.0
chr12:112949756-112967347	2.0	0.0	0.0	0.0	0.0	0.0	0.0
chr12:114906553-114937154	21.0	0.0	0.0	0.0	0.0	0.0	0.0
chr12:115453371-115502677	59.0	0.0	0.0	0.0	0.0	0.0	0.0
chr12:120946692-120988791	28.0	0.0	0.0	0.0	0.0	0.0	0.0
chr12:123917163-124010656	110.0	1.0	0.0	0.0	0.0	0.0	0.0
chr12:124090970-124116355	4.0	0.0	0.0	0.0	0.0	0.0	0.0
chr12:124522475-124531817	4.0	0.0	0.0	0.0	0.0	0.0	0.0
chr12:124818708-124832197	10.0	0.0	0.0	0.0	0.0	0.0	0.0
chr12:124848409-124852410	5.0	0.0	0.0	0.0	0.0	0.0	0.0
chr12:124917094-124927338	9.0	0.0	0.0	0.0	0.0	0.0	0.0
chr12:126463230-126467259	2.0	0.0	0.0	0.0	0.0	0.0	0.0
chr12:133092238-133234117	87.0	1.0	0.0	0.0	0.0	0.0	0.0
chr13:26463903-26480064	11.0	0.0	0.0	0.0	0.0	0.0	0.0
chr13:28388549-28419698	20.0	0.0	0.0	2.0	0.0	0.0	0.0
chr13:28432233-28471207	43.0	0.0	0.0	6.0	0.0	0.0	0.0
chr13:28987928-29006221	24.0	0.0	0.0	0.0	0.0	0.0	0.0
chr13:32422195-32624572	110.0	0.0	0.0	0.0	2.0	0.0	0.0
chr13:33442833-33520208	80.0	0.0	0.0	1.0	0.0	0.0	0.0
chr13:41274692-41399236	133.0	5.0	1.0	1.0	0.0	2.0	0.0
chr13:41772239-41999985	15.0	0.0	0.0	0.0	0.0	0.0	0.0
chr13:43142608-43746664	11.0	0.0	0.0	0.0	0.0	0.0	0.0
chr13:46321625-46321625	0.0	0.0	1.0	0.0	0.0	0.0	0.0
chr13:51565426-51676370	2.0	0.0	0.0	0.0	0.0	0.0	0.0
chr13:66015805-66150527	118.0	0.0	0.0	0.0	0.0	0.0	0.0
chr13:78972435-78972435	1.0	0.0	0.0	0.0	0.0	0.0	0.0
chr13:81705398-81871204	4.0	0.0	0.0	0.0	0.0	0.0	0.0
chr13:96252123-96394004	29.0	0.0	0.0	0.0	0.0	0.0	0.0
chr13:98777480-98783168	7.0	0.0	0.0	0.0	0.0	0.0	0.0
chr13:98983357-99110199	9.0	0.0	0.0	0.0	0.0	0.0	0.0
chr13:107258606-107722595	6.0	0.0	0.0	0.0	0.0	0.0	0.0
chr13:110165755-110165755	2.0	0.0	0.0	0.0	0.0	0.0	0.0
chr13:110172476-110189901	46.0	0.0	0.0	0.0	0.0	0.0	0.0
chr13:110266313-110273462	5.0	0.0	0.0	0.0	0.0	0.0	0.0
chr13:110302006-110302006	1.0	0.0	0.0	0.0	0.0	0.0	0.0
chr13:110307296-110307296	2.0	0.0	0.0	0.0	0.0	0.0	0.0
chr13:110388334-110390962	3.0	0.0	0.0	0.0	0.0	0.0	0.0
chr13:110397276-110397276	1.0	0.0	0.0	0.0	0.0	0.0	0.0
chr13:110450816-110468008	12.0	0.0	0.0	0.0	0.0	0.0	0.0
chr13:110456089-110456089	0.0	0.0	1.0	0.0	0.0	0.0	0.0
chr13:110699022-110740790	18.0	1.0	0.0	0.0	0.0	0.0	0.0
chr13:111589202-111589202	2.0	0.0	0.0	0.0	0.0	0.0	0.0
chr13:112964170-112964182	4.0	0.0	0.0	0.0	0.0	0.0	0.0
chr14:21080248-21080248	1.0	0.0	0.0	0.0	0.0	0.0	0.0
chr14:23015132-23015132	1.0	0.0	0.0	0.0	0.0	0.0	0.0
chr14:23722571-24398141	5.0	0.0	0.0	0.0	0.0	0.0	0.0
chr14:27407113-27407113	1.0	0.0	0.0	0.0	0.0	0.0	0.0
chr14:29103914-29125722	27.0	0.0	0.0	0.0	0.0	0.0	0.0
chr14:31035395-31035395	1.0	0.0	0.0	0.0	0.0	0.0	0.0
chr14:35347885-35348702	4.0	0.0	0.0	0.0	0.0	0.0	0.0
chr14:36977398-36977398	1.0	0.0	0.0	0.0	0.0	0.0	0.0
chr14:41146084-41146084	2.0	0.0	0.0	0.0	0.0	0.0	0.0
chr14:43415691-43415691	1.0	0.0	0.0	0.0	0.0	0.0	0.0
chr14:47041214-47095239	44.0	0.0	0.0	0.0	0.0	0.0	0.0
chr14:50334920-50334920	2.0	0.0	0.0	0.0	0.0	0.0	0.0
chr14:52226877-52755581	7.0	0.0	0.0	0.0	0.0	0.0	0.0
chr14:69012229-69013235	3.0	0.0	0.0	0.0	0.0	0.0	0.0
chr14:70289616-70367102	8.0	0.0	0.0	0.0	0.0	0.0	0.0
chr14:72447508-73017612	8.0	0.0	0.0	0.0	0.0	0.0	0.0
chr14:74976400-75201218	80.0	1.0	0.0	3.0	0.0	0.0	0.0
chr14:77924879-77924879	1.0	0.0	0.0	0.0	0.0	0.0	0.0
chr14:89639332-89660808	16.0	0.0	0.0	0.0	0.0	0.0	0.0
chr14:94371805-94411531	3.0	0.0	0.0	0.0	0.0	0.0	0.0
chr14:99645228-99679373	34.0	0.0	0.0	0.0	0.0	0.0	0.0
chr14:99883065-99913953	25.0	0.0	0.0	0.0	0.0	0.0	0.0
chr14:102592883-102742816	80.0	1.0	0.0	2.0	0.0	0.0	0.0
chr14:103452760-103452760	1.0	0.0	0.0	0.0	0.0	0.0	0.0
chr15:24325335-24388154	27.0	0.0	0.0	0.0	0.0	0.0	0.0
chr15:24825287-24860340	10.0	0.0	0.0	0.0	0.0	0.0	0.0
chr15:31895147-31904076	2.0	0.0	0.0	0.0	0.0	0.0	0.0
chr15:38541832-38558129	17.0	0.0	0.0	0.0	0.0	0.0	0.0
chr15:38724980-38724980	1.0	0.0	0.0	0.0	0.0	0.0	0.0
chr15:41151726-41151726	2.0	0.0	0.0	0.0	0.0	0.0	0.0
chr15:58430391-58438954	10.0	0.0	0.0	0.0	0.0	0.0	0.0
chr15:64385214-64807955	131.0	1.0	1.0	0.0	0.0	0.0	0.0
chr15:66630015-66632511	3.0	0.0	0.0	0.0	0.0	0.0	0.0
chr15:67149412-67174261	5.0	0.0	0.0	2.0	0.0	0.0	0.0
chr15:67220818-67420938	4.0	0.0	0.0	0.0	0.0	0.0	0.0
chr15:73939516-73946393	4.0	0.0	0.0	0.0	0.0	0.0	0.0
chr15:73955443-73983335	13.0	0.0	0.0	0.0	0.0	1.0	0.0
chr15:74787133-74825571	2.0	0.0	0.0	0.0	0.0	0.0	0.0
chr15:77042446-77088880	24.0	1.0	0.0	0.0	0.0	0.0	0.0
chr15:78742359-78742359	2.0	0.0	0.0	0.0	0.0	0.0	0.0
chr15:78759363-78759363	1.0	0.0	0.0	0.0	0.0	0.0	0.0
chr15:78695207-78775861	84.0	0.0	16.0	0.0	0.0	0.0	0.0
chr15:78833813-78865063	32.0	1.0	0.0	0.0	0.0	0.0	0.0
chr15:81066111-81106450	7.0	0.0	0.0	0.0	0.0	0.0	0.0
chr15:83597393-83615800	4.0	0.0	0.0	0.0	0.0	0.0	0.0
chr15:85478735-85511831	22.0	0.0	0.0	0.0	0.0	0.0	0.0
chr15:87507431-87569917	49.0	0.0	0.0	0.0	0.0	0.0	0.0
chr15:89019583-89037068	50.0	0.0	0.0	0.0	0.0	0.0	0.0
chr15:89538674-89652481	10.0	0.0	0.0	0.0	0.0	0.0	0.0
chr15:90873320-90885812	4.0	4.0	0.0	0.0	3.0	0.0	0.0
chr15:91451882-91451882	1.0	0.0	0.0	0.0	0.0	0.0	0.0
chr15:95494896-95499201	3.0	0.0	0.0	0.0	0.0	0.0	0.0
chr15:95600928-95636161	23.0	0.0	0.0	0.0	0.0	0.0	0.0
chr15:96066976-96066976	2.0	0.0	0.0	0.0	0.0	0.0	0.0
chr15:96333382-96335208	7.0	0.0	0.0	0.0	0.0	0.0	0.0
chr15:97999599-97999783	2.0	0.0	0.0	0.0	0.0	0.0	0.0
chr16:4898935-4898935	1.0	0.0	0.0	0.0	0.0	0.0	0.0
chr16:13726828-13726828	2.0	0.0	0.0	0.0	0.0	0.0	0.0
chr16:15712593-15752841	9.0	0.0	0.0	0.0	0.0	0.0	0.0
chr16:15807726-15825495	19.0	0.0	3.0	0.0	0.0	0.0	0.0
chr16:20233961-20251454	17.0	0.0	0.0	0.0	0.0	0.0	0.0
chr16:21076710-21080730	9.0	0.0	0.0	0.0	0.0	0.0	0.0
chr16:21802102-21802102	0.0	0.0	1.0	0.0	0.0	0.0	0.0
chr16:28082353-28255287	165.0	2.0	0.0	0.0	0.0	0.0	0.0
chr16:31331983-31345733	2.0	0.0	0.0	0.0	0.0	0.0	0.0
chr16:52923121-52953192	15.0	0.0	0.0	0.0	0.0	0.0	0.0
chr16:55500166-55527901	7.0	0.0	0.0	2.0	0.0	0.0	0.0
chr16:56953103-56960616	12.0	0.0	0.0	0.0	0.0	0.0	0.0
chr16:56965346-56972678	10.0	0.0	0.0	0.0	0.0	0.0	0.0
chr16:58129772-58129772	0.0	1.0	0.0	0.0	0.0	0.0	0.0
chr16:69935396-70479107	4.0	0.0	0.0	0.0	0.0	0.0	0.0
chr16:72041694-72114520	8.0	0.0	0.0	0.0	0.0	0.0	0.0
chr16:75208114-75268566	11.0	0.0	0.0	0.0	0.0	0.0	0.0
chr16:75278650-75464895	304.0	2.0	0.0	4.0	1.0	0.0	0.0
chr16:78760510-78764395	10.0	0.0	0.0	0.0	0.0	0.0	0.0
chr16:80151469-80151469	1.0	0.0	0.0	0.0	0.0	0.0	0.0
chr16:81476866-81480266	5.0	0.0	0.0	0.0	0.0	0.0	0.0
chr16:81608802-81620238	5.0	0.0	0.0	0.0	0.0	0.0	0.0
chr16:81867708-81874699	40.0	0.0	6.0	0.0	0.0	0.0	0.0
chr16:83012185-83012185	1.0	0.0	0.0	0.0	0.0	0.0	0.0
chr16:85376910-85380509	8.0	0.0	0.0	0.0	0.0	0.0	0.0
chr16:85665921-85687339	9.0	0.0	0.0	0.0	0.0	0.0	0.0
chr16:86563669-86576974	19.0	0.0	0.0	0.0	3.0	0.0	0.0
chr16:86664425-86682452	26.0	0.0	0.0	8.0	0.0	0.0	0.0
chr16:86737302-86739777	23.0	0.0	0.0	0.0	0.0	0.0	0.0
chr16:88467270-88479393	17.0	0.0	0.0	0.0	0.0	0.0	0.0
chr17:2123123-2299649	31.0	0.0	0.0	2.0	0.0	0.0	0.0
chr17:2570239-2660973	10.0	0.0	0.0	0.0	0.0	0.0	0.0
chr17:4720080-4722663	10.0	0.0	0.0	0.0	0.0	0.0	0.0
chr17:17656254-17656255	2.0	0.0	0.0	0.0	0.0	0.0	0.0
chr17:17803018-18064083	157.0	0.0	4.0	3.0	0.0	0.0	0.0
chr17:21375977-21380195	6.0	0.0	0.0	0.0	0.0	0.0	0.0
chr17:28556295-28731697	14.0	2.0	0.0	0.0	0.0	1.0	0.0
chr17:29608528-29635375	11.0	0.0	1.0	0.0	0.0	0.0	0.0
chr17:30694562-30810660	30.0	1.0	3.0	0.0	0.0	0.0	0.0
chr17:31696626-31706495	9.0	0.0	0.0	0.0	0.0	0.0	0.0
chr17:31851073-32232069	68.0	1.0	0.0	1.0	0.0	0.0	0.0
chr17:34795070-35564380	8.0	0.0	0.0	0.0	0.0	0.0	0.0
chr17:38758624-38786143	8.0	0.0	0.0	0.0	0.0	0.0	0.0
chr17:41743166-41743238	2.0	0.0	0.0	0.0	0.0	0.0	0.0
chr17:42106109-42118063	7.0	0.0	0.0	0.0	0.0	0.0	0.0
chr17:42419266-42534324	4.0	0.0	0.0	0.0	0.0	0.0	0.0
chr17:46935905-47019579	7.0	0.0	0.0	0.0	0.0	0.0	0.0
chr17:47485378-47680232	60.0	1.0	0.0	0.0	0.0	0.0	0.0
chr17:49027070-49068486	18.0	0.0	1.0	1.0	0.0	0.0	0.0
chr17:49340580-49340580	1.0	0.0	0.0	0.0	0.0	0.0	0.0
chr17:51172522-51313808	82.0	0.0	0.0	0.0	0.0	0.0	0.0
chr17:52181782-52196810	2.0	0.0	0.0	0.0	0.0	0.0	0.0
chr17:60953924-60953924	1.0	0.0	0.0	0.0	0.0	0.0	0.0
chr17:60915875-61166740	74.0	0.0	0.0	0.0	0.0	0.0	0.0
chr17:61394696-61412874	20.0	0.0	0.0	0.0	1.0	0.0	0.0
chr17:61830816-61830816	1.0	0.0	0.0	0.0	0.0	0.0	0.0
chr17:62559465-62642697	3.0	0.0	0.0	0.0	0.0	0.0	0.0
chr17:64287605-64337019	49.0	0.0	2.0	3.0	0.0	0.0	0.0
chr17:66250015-66253489	15.0	0.0	0.0	0.0	0.0	0.0	0.0
chr17:67829132-67994384	182.0	2.0	0.0	0.0	0.0	0.0	0.0
chr17:68457164-68482492	16.0	1.0	0.0	0.0	0.0	0.0	0.0
chr17:68904663-68904663	1.0	0.0	0.0	0.0	0.0	0.0	0.0
chr17:75837006-75882573	19.0	0.0	1.0	0.0	0.0	2.0	0.0
chr17:76698238-76707500	36.0	0.0	0.0	0.0	0.0	0.0	0.0
chr17:78711314-78711314	1.0	0.0	0.0	0.0	0.0	0.0	0.0
chr17:78914177-78932991	13.0	0.0	0.0	0.0	0.0	0.0	0.0
chr17:80626877-80691763	2.0	0.0	0.0	0.0	0.0	0.0	0.0
chr18:22427122-22427122	1.0	0.0	0.0	0.0	0.0	0.0	0.0
chr18:22429640-22429728	3.0	0.0	0.0	0.0	0.0	0.0	0.0
chr18:26844041-26858718	5.0	0.0	0.0	0.0	0.0	0.0	0.0
chr18:31356489-31359868	2.0	0.0	0.0	0.0	0.0	0.0	0.0
chr18:33856056-34291257	6.0	0.0	0.0	0.0	0.0	0.0	0.0
chr18:46799736-47179474	3.0	0.0	0.0	0.0	0.0	0.0	0.0
chr18:48989546-49002017	9.0	0.0	0.0	0.0	0.0	0.0	0.0
chr18:49569705-49569705	2.0	0.0	0.0	0.0	0.0	0.0	0.0
chr18:49667643-49687312	4.0	0.0	0.0	0.0	0.0	0.0	0.0
chr18:55139421-55153893	3.0	0.0	0.0	0.0	0.0	0.0	0.0
chr18:59278160-59381638	60.0	1.0	0.0	0.0	0.0	0.0	0.0
chr18:60073478-60246732	99.0	0.0	0.0	0.0	0.0	0.0	0.0
chr18:67537868-67537868	1.0	0.0	0.0	0.0	0.0	0.0	0.0
chr18:76931220-76959812	15.0	0.0	0.0	1.0	0.0	0.0	0.0
chr19:2550040-2550098	2.0	0.0	0.0	0.0	0.0	0.0	0.0
chr19:4934280-4967728	15.0	0.0	0.0	0.0	0.0	0.0	0.0
chr19:6644910-6653091	2.0	0.0	0.0	0.0	0.0	0.0	0.0
chr19:7616837-8090254	3.0	0.0	1.0	0.0	0.0	0.0	0.0
chr19:8364439-8364439	1.0	0.0	0.0	0.0	0.0	0.0	0.0
chr19:8418424-8421448	4.0	0.0	0.0	0.0	0.0	0.0	0.0
chr19:10720793-11519842	154.0	1.0	0.0	1.0	0.0	0.0	0.0
chr19:15868125-15879621	8.0	0.0	0.0	0.0	0.0	0.0	0.0
chr19:16305619-16332412	12.0	0.0	0.0	3.0	0.0	0.0	0.0
chr19:17056171-17117744	22.0	0.0	0.0	1.0	0.0	0.0	0.0
chr19:17715603-17721939	8.0	0.0	0.0	1.0	0.0	0.0	0.0
chr19:18464383-18479133	2.0	0.0	0.0	0.0	0.0	0.0	0.0
chr19:19296909-19574661	13.0	0.0	1.0	0.0	0.0	0.0	0.0
chr19:21640891-21677935	82.0	0.0	0.0	0.0	0.0	0.0	0.0
chr19:31654327-31654327	1.0	0.0	0.0	0.0	0.0	0.0	0.0
chr19:36925890-37194064	171.0	0.0	0.0	0.0	0.0	0.0	0.0
chr19:37659854-37962963	27.0	1.0	0.0	0.0	0.0	0.0	0.0
chr19:37877899-37877899	1.0	0.0	0.0	0.0	0.0	0.0	0.0
chr19:38159417-38386669	5.0	0.0	0.0	0.0	0.0	0.0	0.0
chr19:41242248-41336560	68.0	1.0	0.0	8.0	0.0	1.0	0.0
chr19:41350981-41370563	12.0	4.0	2.0	0.0	0.0	0.0	0.0
chr19:43648948-43648948	2.0	0.0	0.0	0.0	0.0	0.0	0.0
chr19:44899461-44900667	2.0	0.0	0.0	0.0	0.0	0.0	0.0
chr19:44908684-44908684	2.0	0.0	0.0	0.0	0.0	0.0	0.0
chr19:44908822-44909976	3.0	0.0	0.0	0.0	0.0	0.0	0.0
chr19:45237513-45263471	20.0	0.0	0.0	0.0	0.0	0.0	0.0
chr19:45715887-45867123	37.0	0.0	2.0	0.0	0.0	0.0	0.0
chr19:46700099-46753285	7.0	0.0	0.0	0.0	0.0	0.0	0.0
chr2:3627347-3631260	4.0	0.0	0.0	0.0	0.0	0.0	0.0
chr2:5816586-5832934	7.0	0.0	0.0	0.0	0.0	0.0	0.0
chr2:9374788-9375422	2.0	0.0	0.0	0.0	0.0	0.0	0.0
chr2:10147110-10147186	2.0	0.0	0.0	0.0	0.0	0.0	0.0
chr2:14740904-14831249	59.0	0.0	0.0	0.0	0.0	0.0	0.0
chr2:17745658-17805472	23.0	0.0	0.0	0.0	0.0	0.0	0.0
chr2:19612303-19612303	1.0	0.0	0.0	0.0	0.0	0.0	0.0
chr2:19733619-19741997	16.0	0.0	0.0	0.0	0.0	0.0	0.0
chr2:19742712-19742712	2.0	0.0	0.0	0.0	0.0	0.0	0.0
chr2:21019741-21019741	1.0	0.0	0.0	0.0	0.0	0.0	0.0
chr2:21063185-21092792	14.0	0.0	0.0	0.0	0.0	0.0	0.0
chr2:21158305-21160481	2.0	0.0	0.0	0.0	0.0	0.0	0.0
chr2:26324624-26407521	32.0	0.0	0.0	0.0	0.0	0.0	0.0
chr2:30125888-30186113	10.0	0.0	0.0	0.0	0.0	0.0	0.0
chr2:36965723-37026312	39.0	1.0	0.0	0.0	0.0	0.0	0.0
chr2:43168998-43170037	3.0	0.0	0.0	0.0	0.0	0.0	0.0
chr2:43322545-43322545	1.0	0.0	0.0	0.0	0.0	0.0	0.0
chr2:43825604-44104942	34.0	0.0	0.0	0.0	0.0	0.0	0.0
chr2:45636648-45674450	12.0	0.0	0.0	2.0	0.0	0.0	0.0
chr2:59651301-59651301	1.0	0.0	0.0	0.0	0.0	0.0	0.0
chr2:60389547-60398545	9.0	0.0	0.0	0.0	0.0	0.0	0.0
chr2:62630276-62663416	75.0	0.0	0.0	0.0	0.0	0.0	0.0
chr2:65240650-65251237	14.0	0.0	0.0	0.0	0.0	0.0	0.0
chr2:66073227-66075800	10.0	0.0	0.0	0.0	0.0	0.0	0.0
chr2:68824998-68844164	16.0	0.0	0.0	0.0	0.0	0.0	0.0
chr2:69452404-69452405	2.0	0.0	0.0	0.0	0.0	0.0	0.0
chr2:69298589-69463055	159.0	1.0	0.0	0.0	0.0	0.0	0.0
chr2:71449824-71453820	7.0	0.0	0.0	0.0	0.0	0.0	0.0
chr2:73324929-73324929	1.0	0.0	0.0	0.0	0.0	0.0	0.0
chr2:76253588-76323205	19.0	0.0	0.0	0.0	0.0	0.0	0.0
chr2:85393065-85396187	2.0	0.0	0.0	0.0	0.0	0.0	0.0
chr2:85510386-85582866	26.0	0.0	0.0	0.0	1.0	0.0	0.0
chr2:100276650-100370502	54.0	0.0	0.0	0.0	0.0	0.0	0.0
chr2:111897665-112062532	89.0	3.0	1.0	5.0	0.0	0.0	0.0
chr2:127170360-127170360	1.0	0.0	0.0	0.0	0.0	0.0	0.0
chr2:127679589-127679589	1.0	0.0	0.0	0.0	0.0	0.0	0.0
chr2:128028089-128028089	0.0	1.0	0.0	0.0	0.0	0.0	0.0
chr2:136222824-136245575	41.0	0.0	0.0	5.0	0.0	0.0	0.0
chr2:143393955-143501974	27.0	0.0	0.0	0.0	0.0	0.0	0.0
chr2:143569741-143730150	3.0	0.0	0.0	0.0	0.0	0.0	0.0
chr2:144500878-144513025	3.0	0.0	0.0	0.0	0.0	0.0	0.0
chr2:145028973-145091084	44.0	0.0	0.0	0.0	0.0	0.0	0.0
chr2:145757045-145817905	20.0	0.0	0.0	0.0	0.0	0.0	0.0
chr2:147617465-147675063	23.0	0.0	0.0	0.0	0.0	0.0	0.0
chr2:161250809-161412004	44.0	0.0	0.0	0.0	0.0	0.0	0.0
chr2:162254026-162267541	2.0	0.0	0.0	0.0	0.0	0.0	0.0
chr2:163596540-163606976	13.0	0.0	0.0	0.0	0.0	0.0	0.0
chr2:164073872-164073872	1.0	0.0	0.0	0.0	0.0	0.0	0.0
chr2:164645339-164700808	30.0	0.0	0.0	0.0	0.0	0.0	0.0
chr2:168915349-168955707	23.0	0.0	0.0	0.0	0.0	0.0	0.0
chr2:171242112-171447401	29.0	0.0	0.0	0.0	0.0	0.0	0.0
chr2:174603041-174674674	26.0	0.0	0.0	0.0	0.0	0.0	0.0
chr2:177005041-177005041	1.0	0.0	0.0	0.0	0.0	0.0	0.0
chr2:182345720-182346716	3.0	0.0	0.0	0.0	0.0	0.0	0.0
chr2:182344420-182399026	19.0	0.0	0.0	0.0	0.0	0.0	0.0
chr2:185192691-185192691	1.0	0.0	0.0	0.0	0.0	0.0	0.0
chr2:187138391-187377642	5.0	0.0	1.0	1.0	0.0	0.0	0.0
chr2:190387104-190997430	7.0	0.0	0.0	0.0	0.0	0.0	0.0
chr2:197629744-197726162	37.0	0.0	1.0	0.0	0.0	0.0	0.0
chr2:200341572-200368779	5.0	0.0	0.0	0.0	0.0	0.0	0.0
chr2:200742244-200751632	6.0	0.0	0.0	0.0	0.0	0.0	0.0
chr2:202774672-203331895	295.0	1.0	0.0	0.0	2.0	0.0	0.0
chr2:205761960-205761960	1.0	0.0	0.0	0.0	0.0	0.0	0.0
chr2:210682676-210696186	8.0	0.0	0.0	0.0	0.0	0.0	0.0
chr2:214410525-214410525	1.0	0.0	0.0	0.0	0.0	0.0	0.0
chr2:215422370-215441912	14.0	0.0	0.0	1.0	0.0	0.0	0.0
chr2:217815806-217815806	1.0	0.0	0.0	0.0	0.0	0.0	0.0
chr2:217858173-217858173	1.0	0.0	0.0	0.0	0.0	0.0	0.0
chr2:218835276-218835276	1.0	0.0	0.0	0.0	0.0	0.0	0.0
chr2:226156137-226253062	55.0	0.0	0.0	0.0	0.0	0.0	0.0
chr2:226392496-226477322	15.0	0.0	0.0	0.0	0.0	0.0	0.0
chr2:229135191-229149725	35.0	0.0	0.0	0.0	0.0	0.0	0.0
chr2:230593331-230593331	1.0	0.0	0.0	0.0	0.0	0.0	0.0
chr2:232692333-232889654	155.0	0.0	0.0	0.0	0.0	0.0	0.0
chr2:234654412-234680845	78.0	0.0	0.0	0.0	0.0	0.0	0.0
chr2:237301980-237324840	9.0	0.0	0.0	0.0	0.0	0.0	0.0
chr2:237464291-237713650	4.0	0.0	0.0	0.0	0.0	0.0	0.0
chr2:239787318-239787318	1.0	0.0	0.0	0.0	0.0	0.0	0.0
chr20:2237935-2254956	7.0	0.0	0.0	0.0	0.0	0.0	0.0
chr20:3106387-3151975	27.0	0.0	0.0	0.0	0.0	0.0	0.0
chr20:8152462-8213731	43.0	0.0	0.0	1.0	0.0	0.0	0.0
chr20:10838562-10838562	2.0	0.0	0.0	0.0	0.0	0.0	0.0
chr20:14359702-14359702	1.0	0.0	0.0	0.0	0.0	0.0	0.0
chr20:17580396-17619469	12.0	0.0	0.0	0.0	0.0	0.0	0.0
chr20:19432272-19457217	28.0	0.0	0.0	0.0	0.0	0.0	0.0
chr20:23279684-23287949	2.0	0.0	0.0	0.0	0.0	0.0	0.0
chr20:34640508-34935352	64.0	0.0	1.0	0.0	0.0	0.0	0.0
chr20:35211373-35271461	4.0	0.0	0.0	0.0	0.0	0.0	0.0
chr20:38114504-38142186	35.0	0.0	0.0	9.0	0.0	0.0	0.0
chr20:38615479-38615479	1.0	0.0	0.0	0.0	0.0	0.0	0.0
chr20:40513876-40590469	23.0	0.0	0.0	0.0	0.0	0.0	0.0
chr20:41295639-41295639	2.0	0.0	0.0	0.0	0.0	0.0	0.0
chr20:44220031-44222187	4.0	0.0	0.0	0.0	0.0	0.0	0.0
chr20:45913454-45980262	10.0	0.0	0.0	0.0	0.0	0.0	0.0
chr20:48793694-48879230	40.0	0.0	0.0	1.0	0.0	0.0	0.0
chr20:49812804-49974494	66.0	0.0	0.0	7.0	0.0	0.0	0.0
chr20:53944245-53948987	5.0	0.0	0.0	0.0	0.0	0.0	0.0
chr20:55155066-55168362	14.0	0.0	0.0	0.0	0.0	0.0	0.0
chr20:59126654-59209472	94.0	0.0	0.0	0.0	0.0	0.0	0.0
chr20:59377447-59378126	2.0	0.0	0.0	0.0	0.0	0.0	0.0
chr20:62658606-62658606	2.0	0.0	0.0	0.0	0.0	0.0	0.0
chr20:64059330-64059330	2.0	0.0	0.0	0.0	0.0	0.0	0.0
chr21:14966851-15052100	7.0	0.0	0.0	0.0	0.0	0.0	0.0
chr21:15220458-15222779	10.0	0.0	0.0	0.0	0.0	0.0	0.0
chr21:24753019-24791082	13.0	0.0	0.0	0.0	0.0	0.0	0.0
chr21:29147136-29236563	45.0	0.0	0.0	0.0	0.0	1.0	0.0
chr21:34221526-34228204	3.0	0.0	0.0	0.0	0.0	0.0	0.0
chr21:34233562-34233562	2.0	0.0	0.0	0.0	0.0	0.0	0.0
chr21:38652492-38697926	29.0	0.0	0.0	0.0	0.0	0.0	0.0
chr21:39403467-39403467	1.0	0.0	0.0	0.0	0.0	0.0	0.0
chr21:43345015-43350488	6.0	0.0	0.0	0.0	0.0	0.0	0.0
chr21:43698032-43698032	1.0	0.0	0.0	0.0	0.0	0.0	0.0
chr21:45067916-45067916	1.0	0.0	0.0	0.0	0.0	0.0	0.0
chr22:19535669-19577904	23.0	0.0	0.0	1.0	0.0	0.0	0.0
chr22:19621733-19621733	0.0	0.0	0.0	1.0	0.0	0.0	0.0
chr22:19972661-20002089	18.0	0.0	0.0	0.0	0.0	0.0	0.0
chr22:20504516-20591049	50.0	0.0	0.0	0.0	0.0	0.0	0.0
chr22:23943749-23943749	1.0	0.0	0.0	0.0	0.0	0.0	0.0
chr22:24020840-24213983	51.0	0.0	1.0	1.0	1.0	0.0	0.0
chr22:24255999-24492224	179.0	0.0	1.0	7.0	0.0	0.0	0.0
chr22:30271288-30273894	2.0	0.0	0.0	0.0	0.0	0.0	0.0
chr22:32879153-32904362	10.0	0.0	0.0	0.0	0.0	0.0	0.0
chr22:35853292-35853292	1.0	0.0	0.0	0.0	0.0	0.0	0.0
chr22:37013185-37014388	7.0	0.0	0.0	0.0	0.0	0.0	0.0
chr22:40536324-40551087	4.0	0.0	0.0	0.0	0.0	0.0	0.0
chr22:41948293-42292526	70.0	0.0	0.0	0.0	0.0	0.0	0.0
chr22:43222626-43230029	9.0	0.0	0.0	0.0	0.0	0.0	0.0
chr22:43928847-43945024	5.0	0.0	0.0	0.0	0.0	0.0	0.0
chr3:3260426-4043069	10.0	0.0	0.0	0.0	0.0	0.0	0.0
chr3:4826516-4830514	5.0	0.0	0.0	0.0	0.0	0.0	0.0
chr3:7388498-7388498	1.0	0.0	0.0	0.0	0.0	0.0	0.0
chr3:9979045-9979045	1.0	0.0	0.0	0.0	0.0	0.0	0.0
chr3:11987565-12231914	112.0	0.0	2.0	0.0	0.0	0.0	0.0
chr3:12395738-12397849	3.0	0.0	0.0	0.0	0.0	0.0	0.0
chr3:14660401-14730905	4.0	0.0	0.0	0.0	0.0	0.0	0.0
chr3:14884844-14908392	10.0	0.0	0.0	0.0	0.0	0.0	0.0
chr3:16549403-16549403	1.0	0.0	0.0	0.0	0.0	0.0	0.0
chr3:20407217-20510970	34.0	0.0	0.0	1.0	0.0	0.0	0.0
chr3:21164178-21194210	3.0	0.0	0.0	0.0	0.0	0.0	0.0
chr3:22395835-22395835	1.0	0.0	0.0	0.0	0.0	0.0	0.0
chr3:35880545-35951898	2.0	0.0	0.0	0.0	0.0	0.0	0.0
chr3:46141688-46440558	96.0	0.0	0.0	2.0	0.0	0.0	0.0
chr3:48131197-48338297	221.0	9.0	4.0	0.0	0.0	0.0	0.0
chr3:48957510-49211209	10.0	0.0	0.0	0.0	1.0	0.0	0.0
chr3:52814191-52814191	1.0	0.0	0.0	0.0	0.0	0.0	0.0
chr3:57727633-57909913	17.0	0.0	0.0	0.0	0.0	0.0	0.0
chr3:60423506-60427587	5.0	0.0	0.0	0.0	0.0	0.0	0.0
chr3:63877166-64018307	31.0	0.0	0.0	0.0	0.0	0.0	0.0
chr3:65149243-65150548	5.0	0.0	0.0	0.0	0.0	0.0	0.0
chr3:69353772-69361574	3.0	1.0	0.0	0.0	0.0	0.0	0.0
chr3:69881474-70153826	11.0	0.0	0.0	0.0	0.0	0.0	0.0
chr3:71537142-71562479	13.0	0.0	0.0	1.0	0.0	0.0	0.0
chr3:72787074-72787074	1.0	0.0	0.0	0.0	0.0	0.0	0.0
chr3:72873030-72904264	47.0	0.0	0.0	0.0	0.0	0.0	0.0
chr3:74764731-74764731	1.0	0.0	0.0	0.0	0.0	0.0	0.0
chr3:84940169-84940169	2.0	0.0	0.0	0.0	0.0	0.0	0.0
chr3:96297624-96936934	23.0	0.0	0.0	0.0	0.0	0.0	0.0
chr3:99016821-99050281	6.0	0.0	0.0	0.0	0.0	0.0	0.0
chr3:103544307-103725676	111.0	0.0	0.0	0.0	0.0	0.0	0.0
chr3:108463925-108463925	1.0	0.0	0.0	0.0	0.0	0.0	0.0
chr3:113558258-113590302	16.0	0.0	0.0	0.0	0.0	0.0	0.0
chr3:114900986-115486311	59.0	1.0	0.0	0.0	0.0	0.0	0.0
chr3:116993346-117010971	6.0	0.0	0.0	0.0	0.0	0.0	0.0
chr3:122257624-122342362	30.0	0.0	0.0	0.0	0.0	0.0	0.0
chr3:124727230-124763647	13.0	0.0	0.0	0.0	0.0	0.0	0.0
chr3:126298972-126306970	5.0	0.0	0.0	0.0	0.0	0.0	0.0
chr3:129596988-129622560	21.0	0.0	0.0	6.0	0.0	0.0	1.0
chr3:132666145-132666145	1.0	0.0	0.0	0.0	0.0	0.0	0.0
chr3:134460611-134691379	3.0	0.0	0.0	0.0	0.0	0.0	0.0
chr3:135370295-135455521	38.0	0.0	0.0	0.0	0.0	0.0	0.0
chr3:136079816-136428929	50.0	0.0	0.0	0.0	0.0	0.0	0.0
chr3:138333912-138405272	22.0	0.0	0.0	0.0	0.0	0.0	0.0
chr3:141863895-141907157	22.0	0.0	0.0	0.0	0.0	0.0	0.0
chr3:145734943-145734943	1.0	0.0	0.0	0.0	0.0	0.0	0.0
chr3:148456395-148456395	1.0	0.0	0.0	0.0	0.0	0.0	0.0
chr3:149356157-150061362	5.0	0.0	0.0	1.0	0.0	0.0	0.0
chr3:150348753-150379848	2.0	0.0	0.0	0.0	0.0	0.0	0.0
chr3:154040366-154231913	165.0	0.0	0.0	0.0	0.0	0.0	0.0
chr3:157133835-157135154	5.0	0.0	0.0	0.0	0.0	0.0	0.0
chr3:168992826-169139845	33.0	0.0	0.0	0.0	0.0	0.0	0.0
chr3:171913286-171946079	10.0	0.0	0.0	0.0	0.0	0.0	0.0
chr3:172041620-172614461	9.0	0.0	0.0	0.0	0.0	0.0	0.0
chr3:181611894-181611894	1.0	0.0	0.0	0.0	0.0	0.0	0.0
chr3:182252120-182252120	1.0	0.0	0.0	0.0	0.0	0.0	0.0
chr3:184012511-184607965	4.0	0.0	0.0	0.0	0.0	0.0	0.0
chr3:186177130-186177130	2.0	0.0	0.0	0.0	0.0	0.0	0.0
chr3:186834369-186841671	7.0	0.0	0.0	0.0	0.0	0.0	0.0
chr4:960487-990021	11.0	2.0	0.0	0.0	3.0	0.0	0.0
chr4:3450618-3450618	2.0	0.0	0.0	0.0	0.0	0.0	0.0
chr4:18036177-18052075	38.0	0.0	0.0	0.0	0.0	0.0	0.0
chr4:27088850-27088850	1.0	0.0	0.0	0.0	0.0	0.0	0.0
chr4:44824572-44824572	1.0	0.0	0.0	0.0	0.0	0.0	0.0
chr4:45163633-45185605	8.0	0.0	0.0	0.0	0.0	0.0	0.0
chr4:53705899-53705899	1.0	0.0	0.0	0.0	0.0	0.0	0.0
chr4:56851309-56975047	45.0	3.0	0.0	0.0	0.0	0.0	0.0
chr4:61947925-61978874	10.0	0.0	0.0	0.0	0.0	0.0	0.0
chr4:72553125-72669452	87.0	0.0	0.0	0.0	0.0	0.0	0.0
chr4:76495474-76499445	13.0	0.0	0.0	0.0	0.0	0.0	0.0
chr4:77232091-77232091	1.0	0.0	0.0	0.0	0.0	0.0	0.0
chr4:80247466-80263187	6.0	0.0	0.0	0.0	0.0	0.0	0.0
chr4:81704566-81704566	2.0	0.0	0.0	0.0	0.0	0.0	0.0
chr4:94548157-94600712	15.0	0.0	0.0	4.0	0.0	0.0	0.0
chr4:95195627-95198768	8.0	0.0	0.0	0.0	0.0	0.0	0.0
chr4:98830643-99790877	166.0	0.0	0.0	0.0	0.0	0.0	0.0
chr4:107609933-107609933	1.0	0.0	0.0	0.0	0.0	0.0	0.0
chr4:115023017-115029728	6.0	0.0	0.0	0.0	0.0	0.0	0.0
chr4:119349117-119349117	1.0	0.0	0.0	0.0	0.0	0.0	0.0
chr4:119231402-119641898	612.0	15.0	0.0	1.0	0.0	0.0	0.0
chr4:119844751-119867526	22.0	0.0	0.0	0.0	0.0	0.0	0.0
chr4:119979127-119988346	4.0	0.0	0.0	0.0	0.0	0.0	0.0
chr4:126645795-126645795	2.0	0.0	0.0	0.0	0.0	0.0	0.0
chr4:145836888-145900573	27.0	0.0	0.0	4.0	0.0	0.0	0.0
chr4:147252932-147376028	67.0	0.0	0.0	0.0	0.0	0.0	0.0
chr4:147443768-147506351	27.0	0.0	0.0	0.0	0.0	0.0	0.0
chr4:147579572-147579572	1.0	0.0	0.0	0.0	0.0	0.0	0.0
chr4:149723066-149723066	1.0	0.0	0.0	0.0	0.0	0.0	0.0
chr4:155471945-155491082	12.0	0.0	0.0	0.0	0.0	0.0	0.0
chr4:155501360-155537794	15.0	0.0	0.0	0.0	0.0	0.0	0.0
chr4:155695469-155741952	18.0	0.0	0.0	0.0	0.0	0.0	0.0
chr4:168766574-168795710	6.0	0.0	0.0	4.0	0.0	0.0	0.0
chr4:173801068-173819600	10.0	0.0	0.0	0.0	0.0	0.0	0.0
chr4:173929988-174494667	3.0	0.0	0.0	0.0	0.0	0.0	0.0
chr4:176053393-176092361	6.0	0.0	0.0	0.0	0.0	0.0	0.0
chr4:185749185-185771980	29.0	0.0	0.0	0.0	0.0	0.0	0.0
chr5:1289842-1289860	2.0	0.0	0.0	0.0	0.0	0.0	0.0
chr5:2549243-3311458	6.0	0.0	0.0	0.0	0.0	0.0	0.0
chr5:4029676-4080116	29.0	0.0	0.0	0.0	0.0	0.0	0.0
chr5:4937873-4952018	3.0	0.0	0.0	0.0	0.0	0.0	0.0
chr5:6704438-6770389	38.0	2.0	0.0	0.0	0.0	1.0	0.0
chr5:8982405-9032288	50.0	0.0	0.0	0.0	0.0	0.0	0.0
chr5:9538184-9557490	39.0	0.0	0.0	0.0	1.0	0.0	0.0
chr5:17095241-17122745	13.0	0.0	0.0	0.0	0.0	0.0	0.0
chr5:30991026-31035203	4.0	0.0	0.0	0.0	0.0	0.0	0.0
chr5:34635553-34635553	1.0	0.0	0.0	0.0	0.0	0.0	0.0
chr5:36157160-36157713	5.0	0.0	0.0	0.0	0.0	0.0	0.0
chr5:52897294-52897406	3.0	0.0	0.0	0.0	0.0	0.0	0.0
chr5:54094210-54146895	9.0	0.0	0.0	0.0	0.0	0.0	0.0
chr5:56145744-56145744	1.0	0.0	0.0	0.0	0.0	0.0	0.0
chr5:56560548-56566067	13.0	0.0	0.0	0.0	0.0	0.0	0.0
chr5:56825967-56825967	2.0	0.0	0.0	0.0	0.0	0.0	0.0
chr5:64944053-65030869	14.0	0.0	0.0	0.0	0.0	0.0	0.0
chr5:75328657-75615045	37.0	0.0	0.0	1.0	0.0	0.0	0.0
chr5:86879694-86955545	11.0	0.0	1.0	0.0	0.0	0.0	0.0
chr5:87845306-88088695	78.0	0.0	0.0	0.0	0.0	0.0	0.0
chr5:88640561-88682435	23.0	0.0	0.0	0.0	0.0	0.0	0.0
chr5:94756479-95476601	11.0	0.0	0.0	0.0	0.0	0.0	0.0
chr5:96774231-96784751	9.0	0.0	0.0	0.0	0.0	0.0	0.0
chr5:106881752-106905719	43.0	0.0	0.0	0.0	0.0	0.0	0.0
chr5:107982753-107982753	2.0	0.0	0.0	0.0	0.0	0.0	0.0
chr5:108512271-108563849	6.0	0.0	0.0	0.0	0.0	0.0	0.0
chr5:108710312-108884853	40.0	3.0	0.0	0.0	0.0	0.0	0.0
chr5:111810483-111812600	2.0	0.0	0.0	0.0	0.0	0.0	0.0
chr5:113865393-113896270	6.0	0.0	0.0	0.0	0.0	0.0	0.0
chr5:119112584-119112584	1.0	0.0	0.0	0.0	0.0	0.0	0.0
chr5:121936607-122069185	39.0	0.0	0.0	0.0	0.0	0.0	0.0
chr5:123314530-123344495	7.0	0.0	0.0	0.0	0.0	0.0	0.0
chr5:128536057-128678845	36.0	2.0	1.0	0.0	0.0	0.0	0.0
chr5:132424133-132459618	3.0	0.0	0.0	0.0	0.0	0.0	0.0
chr5:138288619-138414958	60.0	2.0	0.0	0.0	2.0	0.0	0.0
chr5:139233966-139373153	53.0	0.0	2.0	0.0	0.0	0.0	0.0
chr5:141513843-141594912	3.0	0.0	0.0	0.0	0.0	0.0	0.0
chr5:142533938-142542069	29.0	0.0	0.0	0.0	0.0	0.0	0.0
chr5:143114600-143122624	2.0	0.0	0.0	0.0	0.0	0.0	0.0
chr5:145072270-145088172	4.0	0.0	0.0	0.0	0.0	0.0	0.0
chr5:147437143-147650667	2.0	0.0	0.0	0.0	0.0	0.0	0.0
chr5:156627853-156713418	37.0	0.0	0.0	0.0	0.0	0.0	0.0
chr5:157383064-157518140	43.0	0.0	0.0	0.0	0.0	0.0	0.0
chr5:158420064-158451041	58.0	0.0	0.0	0.0	0.0	0.0	0.0
chr5:173054411-173171976	24.0	0.0	0.0	0.0	0.0	0.0	0.0
chr5:175564236-175567513	2.0	0.0	0.0	0.0	0.0	0.0	0.0
chr5:177488415-177503650	12.0	0.0	0.0	3.0	0.0	0.0	0.0
chr5:179166048-179166048	1.0	0.0	0.0	0.0	0.0	0.0	0.0
chr6:992472-1135433	3.0	0.0	0.0	0.0	0.0	0.0	0.0
chr6:1616030-1619802	4.0	0.0	0.0	0.0	0.0	0.0	0.0
chr6:1907976-1915130	5.0	0.0	0.0	0.0	0.0	0.0	0.0
chr6:3416688-3431062	13.0	0.0	0.0	0.0	0.0	0.0	0.0
chr6:5095956-5153459	32.0	0.0	0.0	0.0	0.0	0.0	0.0
chr6:7975026-7975026	0.0	0.0	0.0	1.0	0.0	0.0	0.0
chr6:11296943-11319573	13.0	0.0	0.0	0.0	0.0	0.0	0.0
chr6:12191420-12203030	11.0	0.0	0.0	0.0	0.0	0.0	0.0
chr6:12903725-12903725	1.0	0.0	0.0	0.0	0.0	0.0	0.0
chr6:12921744-12921842	2.0	0.0	0.0	0.0	0.0	0.0	0.0
chr6:21741655-21779594	1.0	0.0	0.0	2.0	0.0	0.0	0.0
chr6:22571185-22613618	23.0	0.0	0.0	0.0	0.0	0.0	0.0
chr6:28263018-28448343	8.0	0.0	0.0	0.0	0.0	0.0	0.0
chr6:29729740-29762953	5.0	0.0	0.0	0.0	0.0	0.0	0.0
chr6:31379121-31379121	1.0	0.0	0.0	0.0	0.0	0.0	0.0
chr6:31918665-31936529	24.0	0.0	0.0	0.0	0.0	0.0	0.0
chr6:32820930-32829338	7.0	0.0	0.0	0.0	0.0	0.0	0.0
chr6:34581922-34864884	287.0	7.0	1.0	2.0	0.0	0.0	0.0
chr6:35513418-35647353	61.0	0.0	1.0	1.0	0.0	0.0	0.0
chr6:36664911-36680498	5.0	0.0	0.0	0.0	1.0	0.0	0.0
chr6:39166323-39188634	7.0	0.0	1.0	0.0	0.0	0.0	0.0
chr6:39198083-39215694	5.0	0.0	0.0	0.0	0.0	0.0	0.0
chr6:41719628-41723085	3.0	0.0	0.0	0.0	0.0	0.0	0.0
chr6:42691014-42703392	5.0	0.0	0.0	0.0	0.0	0.0	0.0
chr6:43096108-43108015	4.0	0.0	0.0	0.0	0.0	0.0	0.0
chr6:43791136-43791136	1.0	0.0	0.0	0.0	0.0	0.0	0.0
chr6:44062274-44062274	1.0	0.0	0.0	0.0	0.0	0.0	0.0
chr6:47634515-47663574	135.0	0.0	0.0	0.0	0.0	0.0	0.0
chr6:50819863-50972964	44.0	0.0	0.0	0.0	0.0	0.0	0.0
chr6:57242524-57295905	44.0	0.0	0.0	0.0	0.0	0.0	0.0
chr6:64583795-65072084	11.0	0.0	0.0	0.0	0.0	0.0	0.0
chr6:69801315-70432819	45.0	0.0	0.0	0.0	0.0	0.0	0.0
chr6:73706604-73718736	3.0	0.0	0.0	0.0	0.0	0.0	0.0
chr6:78168892-78718412	12.0	0.0	0.0	0.0	0.0	0.0	0.0
chr6:78788148-78823565	4.0	0.0	0.0	0.0	0.0	0.0	0.0
chr6:81882851-81904329	18.0	0.0	0.0	0.0	0.0	0.0	0.0
chr6:87804094-88258280	4.0	0.0	0.0	0.0	0.0	0.0	0.0
chr6:89571050-89576206	13.0	0.0	0.0	0.0	0.0	0.0	0.0
chr6:95494158-95629205	4.0	0.0	0.0	0.0	0.0	0.0	0.0
chr6:96412478-96617875	24.0	0.0	0.0	0.0	0.0	0.0	0.0
chr6:108873482-108902728	2.0	0.0	0.0	0.0	0.0	0.0	0.0
chr6:111331964-111553772	57.0	0.0	0.0	0.0	0.0	0.0	0.0
chr6:113066834-113200624	113.0	0.0	4.0	6.0	0.0	0.0	0.0
chr6:126337897-126516517	82.0	1.0	0.0	0.0	0.0	0.0	0.0
chr6:130963109-130963109	1.0	0.0	0.0	0.0	0.0	0.0	0.0
chr6:132554534-132554534	1.0	0.0	0.0	0.0	0.0	0.0	0.0
chr6:133671653-133765930	85.0	0.0	0.0	0.0	0.0	0.0	0.0
chr6:133848023-133848023	1.0	0.0	0.0	0.0	0.0	0.0	0.0
chr6:133838261-133888699	23.0	0.0	0.0	0.0	1.0	0.0	0.0
chr6:134042922-134057013	19.0	0.0	0.0	0.0	0.0	0.0	0.0
chr6:135081201-135107399	22.0	0.0	0.0	0.0	0.0	0.0	0.0
chr6:139915266-140374558	75.0	0.0	0.0	0.0	0.0	0.0	0.0
chr6:142897968-142907798	6.0	0.0	0.0	0.0	0.0	0.0	0.0
chr6:148470213-148503704	28.0	0.0	0.0	0.0	0.0	0.0	0.0
chr6:149419444-149419444	1.0	0.0	0.0	0.0	0.0	0.0	0.0
chr6:150654176-150687738	30.0	0.0	0.0	1.0	0.0	0.0	0.0
chr6:150945581-150959474	49.0	0.0	0.0	0.0	0.0	0.0	0.0
chr6:151239600-151240978	2.0	0.0	0.0	0.0	0.0	0.0	0.0
chr6:152457463-152550270	49.0	0.0	0.0	0.0	0.0	0.0	0.0
chr6:158071628-158188805	3.0	0.0	0.0	0.0	0.0	0.0	0.0
chr6:160006439-160006439	2.0	0.0	0.0	0.0	0.0	0.0	0.0
chr6:160113908-160114846	2.0	0.0	0.0	0.0	0.0	0.0	0.0
chr6:160139848-160143444	3.0	0.0	0.0	0.0	0.0	0.0	0.0
chr6:160270344-161211945	164.0	0.0	0.0	0.0	0.0	0.0	0.0
chr6:162513319-162845761	201.0	1.0	0.0	0.0	0.0	0.0	0.0
chr6:164033043-164080927	70.0	0.0	0.0	0.0	0.0	0.0	0.0
chr7:1833285-1892993	8.0	0.0	0.0	0.0	0.0	0.0	0.0
chr7:2863814-2871108	4.0	0.0	0.0	0.0	0.0	1.0	0.0
chr7:6371201-6448466	69.0	6.0	1.0	0.0	0.0	0.0	0.0
chr7:7232737-7232737	1.0	0.0	0.0	0.0	0.0	0.0	0.0
chr7:12210752-12245514	108.0	4.0	0.0	0.0	0.0	0.0	0.0
chr7:17241412-17268223	7.0	0.0	0.0	0.0	0.0	0.0	0.0
chr7:19006554-19013110	4.0	0.0	0.0	0.0	0.0	0.0	0.0
chr7:20249867-20261241	33.0	0.0	0.0	0.0	0.0	0.0	0.0
chr7:22215139-22261638	8.0	3.0	0.0	0.0	0.0	0.0	0.0
chr7:32294309-32357414	37.0	0.0	0.0	0.0	0.0	0.0	0.0
chr7:35230013-35264553	108.0	0.0	0.0	0.0	0.0	0.0	0.0
chr7:35483468-35521036	40.0	0.0	0.0	0.0	0.0	0.0	0.0
chr7:44166307-44176538	2.0	0.0	0.0	0.0	0.0	0.0	0.0
chr7:44541277-44541277	1.0	0.0	0.0	0.0	0.0	0.0	0.0
chr7:44997186-45065547	5.0	0.0	0.0	0.0	0.0	0.0	0.0
chr7:79849118-79917372	5.0	0.0	0.0	0.0	0.0	0.0	0.0
chr7:80941246-80954166	7.0	0.0	0.0	0.0	0.0	0.0	0.0
chr7:100004356-100229525	83.0	2.0	5.0	0.0	0.0	0.0	0.0
chr7:106765196-106769006	2.0	0.0	0.0	0.0	0.0	0.0	0.0
chr7:107180571-107654881	147.0	0.0	0.0	1.0	0.0	0.0	0.0
chr7:109738994-110631017	13.0	0.0	0.0	0.0	0.0	0.0	0.0
chr7:114400048-114554560	32.0	0.0	0.0	0.0	0.0	0.0	0.0
chr7:116007227-116536726	7.0	0.0	0.0	0.0	0.0	0.0	0.0
chr7:117341017-117596212	73.0	0.0	0.0	0.0	0.0	0.0	0.0
chr7:130023656-130045757	2.0	0.0	0.0	0.0	0.0	0.0	0.0
chr7:131506932-131507741	1.0	0.0	3.0	0.0	0.0	0.0	0.0
chr7:131619903-131638951	6.0	0.0	0.0	1.0	0.0	0.0	0.0
chr7:138800778-138821032	27.0	0.0	0.0	0.0	0.0	0.0	0.0
chr7:139328971-139451924	275.0	4.0	0.0	0.0	7.0	0.0	0.0
chr7:140017378-140061376	19.0	4.0	0.0	1.0	0.0	0.0	0.0
chr7:140459051-140478754	5.0	1.0	0.0	0.0	0.0	0.0	0.0
chr7:140968800-141045530	53.0	0.0	0.0	0.0	1.0	0.0	0.0
chr7:149602708-149602708	1.0	0.0	0.0	0.0	0.0	0.0	0.0
chr7:150993088-150993088	1.0	0.0	0.0	0.0	0.0	0.0	0.0
chr8:6363277-6406587	8.0	1.0	0.0	0.0	0.0	0.0	0.0
chr8:9863884-9863884	1.0	0.0	0.0	0.0	0.0	0.0	0.0
chr8:10726702-10847850	79.0	1.0	0.0	5.0	0.0	0.0	0.0
chr8:13496593-13496595	3.0	0.0	0.0	0.0	0.0	0.0	0.0
chr8:17223107-18127509	77.0	1.0	0.0	26.0	0.0	0.0	0.0
chr8:18397900-18415371	25.0	0.0	0.0	0.0	0.0	0.0	0.0
chr8:19545380-20204605	126.0	0.0	0.0	0.0	0.0	0.0	0.0
chr8:22163617-22198300	39.0	0.0	0.0	0.0	0.0	0.0	0.0
chr8:25188397-25208440	41.0	0.0	0.0	0.0	0.0	0.0	0.0
chr8:26265434-26265434	0.0	0.0	0.0	1.0	0.0	0.0	0.0
chr8:27563265-27563265	2.0	0.0	0.0	0.0	0.0	0.0	0.0
chr8:30501307-30501307	2.0	0.0	0.0	0.0	0.0	0.0	0.0
chr8:51932020-51932020	1.0	0.0	0.0	0.0	0.0	0.0	0.0
chr8:54494725-54555442	23.0	0.0	0.0	0.0	0.0	0.0	0.0
chr8:73906456-73921021	6.0	0.0	0.0	0.0	0.0	0.0	0.0
chr8:75156721-75311786	188.0	0.0	0.0	0.0	0.0	0.0	0.0
chr8:80473831-80513961	2.0	1.0	0.0	0.0	0.0	0.0	0.0
chr8:81867801-81889368	24.0	0.0	0.0	0.0	0.0	0.0	0.0
chr8:86742398-86742398	1.0	0.0	0.0	0.0	0.0	0.0	0.0
chr8:94260893-94266079	5.0	0.0	0.0	0.0	0.0	0.0	0.0
chr8:94897270-94978690	61.0	0.0	0.0	0.0	0.0	0.0	0.0
chr8:100661977-100670868	6.0	0.0	0.0	0.0	0.0	0.0	0.0
chr8:101803258-101904093	123.0	0.0	0.0	0.0	0.0	0.0	0.0
chr8:105422448-105489607	19.0	0.0	0.0	0.0	0.0	0.0	0.0
chr8:105549562-105549562	2.0	0.0	0.0	0.0	0.0	0.0	0.0
chr8:105526493-105581328	29.0	0.0	0.0	0.0	0.0	0.0	0.0
chr8:106775764-106775764	1.0	0.0	0.0	0.0	0.0	0.0	0.0
chr8:108109844-108109844	2.0	0.0	0.0	0.0	0.0	0.0	0.0
chr8:109926516-109971453	3.0	0.0	0.0	0.0	0.0	0.0	0.0
chr8:120382104-120382104	1.0	0.0	0.0	0.0	0.0	0.0	0.0
chr8:125464631-125469835	4.0	0.0	0.0	2.0	0.0	0.0	0.0
chr8:129821785-130023715	3.0	0.0	0.0	0.0	0.0	0.0	0.0
chr8:133535674-133554347	18.0	0.0	0.0	1.0	0.0	0.0	0.0
chr8:140311169-141041448	3.0	0.0	0.0	0.0	0.0	0.0	0.0
chr9:146901-147170	3.0	0.0	0.0	0.0	0.0	0.0	0.0
chr9:219528-257349	20.0	0.0	0.0	0.0	0.0	0.0	0.0
chr9:10029352-10034003	3.0	0.0	0.0	0.0	0.0	0.0	0.0
chr9:13671297-13724052	7.0	0.0	0.0	0.0	0.0	0.0	0.0
chr9:13869450-13909721	6.0	0.0	0.0	0.0	0.0	0.0	0.0
chr9:14287975-14290979	4.0	0.0	0.0	0.0	0.0	0.0	0.0
chr9:16848792-16911667	28.0	0.0	0.0	0.0	0.0	0.0	0.0
chr9:19026352-19101352	8.0	0.0	1.0	0.0	0.0	0.0	0.0
chr9:19426230-19426232	3.0	0.0	0.0	0.0	0.0	0.0	0.0
chr9:19426906-19436057	17.0	0.0	0.0	0.0	0.0	0.0	0.0
chr9:21694724-22148568	77.0	1.0	0.0	0.0	0.0	0.0	0.0
chr9:27546376-27574311	7.0	0.0	0.0	0.0	0.0	0.0	0.0
chr9:27646241-27690092	48.0	0.0	0.0	0.0	0.0	0.0	0.0
chr9:37731860-37886514	247.0	8.0	1.0	0.0	0.0	0.0	0.0
chr9:68575535-68821823	6.0	0.0	0.0	0.0	0.0	0.0	0.0
chr9:93158527-93158527	1.0	0.0	0.0	0.0	0.0	0.0	0.0
chr9:104820763-104842113	16.0	0.0	0.0	0.0	0.0	0.0	0.0
chr9:104891145-104903754	4.0	0.0	0.0	0.0	0.0	0.0	0.0
chr9:107459063-107470193	6.0	0.0	0.0	0.0	1.0	0.0	0.0
chr9:107754849-107768043	5.0	0.0	0.0	1.0	0.0	0.0	0.0
chr9:109790893-109790893	1.0	0.0	0.0	0.0	0.0	0.0	0.0
chr9:110385317-110487920	21.0	0.0	0.0	0.0	0.0	0.0	0.0
chr9:112158053-112172252	11.0	0.0	0.0	0.0	0.0	0.0	0.0
chr9:112388113-112621961	87.0	0.0	0.0	0.0	0.0	0.0	0.0
chr9:116498079-116504189	3.0	0.0	0.0	0.0	0.0	0.0	0.0
chr9:120878890-120969130	87.0	0.0	0.0	0.0	0.0	2.0	0.0
chr9:121649218-121660124	18.0	0.0	0.0	0.0	0.0	0.0	0.0
chr9:127844501-127845433	1.0	0.0	0.0	2.0	0.0	0.0	0.0
chr9:129102671-129186094	122.0	2.0	1.0	3.0	1.0	5.0	0.0
chr9:133263362-133279427	13.0	0.0	0.0	0.0	0.0	0.0	0.0
chr9:136340958-136353630	13.0	0.0	0.0	0.0	0.0	0.0	0.0
chr9:137751669-137760138	3.0	0.0	0.0	0.0	0.0	0.0	0.0
